1,0.03337693214416504,1
3.414213562373095,0.03339958190917969,28
3,0.029844045639038086,15
3.82842712474619,0.032302141189575195,37
3.414213562373095,0.034151554107666016,36
2,0.030939579010009766,9
0,0.031371355056762695,0
2.8284271247461903,0.03168129920959473,21
3.414213562373095,0.03122878074645996,22
1.4142135623730951,0.03147530555725098,6
7.65685424949238,0.027729034423828125,134
5.242640687119285,0.026620864868164062,80
5.414213562373095,0.03636026382446289,79
5.414213562373095,0.028660058975219727,44
5.242640687119285,0.028676748275756836,73
6.414213562373095,0.029806137084960938,71
7.242640687119285,0.03233027458190918,140
7.82842712474619,0.02724599838256836,130
7.414213562373095,0.029118061065673828,155
6.65685424949238,0.02791762351989746,123
11.899494936611667,0.02921462059020996,266
9.242640687119284,0.029816150665283203,213
10.485281374238571,0.03090667724609375,252
11.899494936611667,0.029900074005126953,210
8.414213562373096,0.029613971710205078,168
10.242640687119284,0.03014349937438965,295
8.65685424949238,0.029740095138549805,216
11,0.030766725540161133,264
10.82842712474619,0.03215312957763672,302
8.65685424949238,0.0319523811340332,203
12.485281374238571,0.0339818000793457,445
15.727922061357859,0.032119035720825195,479
14.242640687119284,0.028967618942260742,377
14.071067811865476,0.03168058395385742,416
12.071067811865476,0.029150009155273438,293
12.485281374238571,0.02905726432800293,319
13.242640687119284,0.030944108963012695,492
14.242640687119284,0.030289411544799805,394
12.82842712474619,0.029685258865356445,445
12.899494936611667,0.0300445556640625,436
17.55634918610405,0.028836727142333984,252
16.313708498984763,0.03022170066833496,482
15.899494936611667,0.02987194061279297,424
16.72792206135786,0.029515504837036133,418
17.899494936611667,0.027972936630249023,475
17.142135623730955,0.0303347110748291,523
19.55634918610405,0.0300600528717041,598
18.65685424949238,0.029402732849121094,524
19.48528137423857,0.03139090538024902,748
17.313708498984763,0.029764890670776367,654
21.970562748477146,0.028148651123046875,638
23.213203435596434,0.0313258171081543,651
19.72792206135786,0.03159284591674805,716
20.142135623730955,0.034006595611572266,779
20.48528137423857,0.028392553329467773,657
22.313708498984763,0.03072643280029297,721
22.142135623730955,0.03332924842834473,913
23.48528137423857,0.029605388641357422,950
21.82842712474619,0.027233123779296875,626
21.071067811865476,0.028452634811401367,1056
27,0.02631664276123047,945
24.55634918610405,0.03573107719421387,1604
25.384776310850242,0.029709815979003906,996
26.65685424949238,0.031064987182617188,1026
26.55634918610405,0.028413057327270508,914
26.384776310850242,0.031075716018676758,1107
27.870057685088817,0.028679609298706055,943
27.798989873223338,0.030861377716064453,1219
25.041630560342625,0.029553890228271484,990
24.384776310850242,0.033538818359375,1591
29.55634918610405,0.03595376014709473,1937
30.242640687119284,0.028920412063598633,849
28.798989873223338,0.02922344207763672,940
29.798989873223338,0.02913665771484375,981
29.384776310850242,0.031981706619262695,1427
29.45584412271572,0.03126931190490723,1329
30.284271247461913,0.029433727264404297,1010
29.870057685088817,0.031667232513427734,1424
28.62741699796953,0.03295421600341797,1349
31.071067811865476,0.03563857078552246,1861
32.82842712474619,0.0386195182800293,1738
33.213203435596434,0.034601688385009766,1505
34.384776310850235,0.036888837814331055,1974
33.828427124746185,0.04122209548950195,2420
33.55634918610404,0.035752058029174805,1965
31.870057685088817,0.032733917236328125,1617
34.87005768508881,0.03245997428894043,2005
32.041630560342625,0.02656245231628418,710
25.62741699796953,0.028089046478271484,949
32.041630560342625,0.0341031551361084,1859
39.38477631085022,0.035814762115478516,2218
37.62741699796952,0.03559112548828125,2089
36.142135623730944,0.03400444984436035,1778
38.04163056034261,0.03608846664428711,2235
39.79898987322332,0.04416537284851074,3438
36.21320343559643,0.038587093353271484,2341
38.31370849898476,0.04291391372680664,3279
35.87005768508881,0.034249305725097656,1867
35.112698372208094,0.03650045394897461,2160
39.313708498984745,0.035393714904785156,1902
39.94112549695428,0.04340767860412598,3270
43.28427124746189,0.04031515121459961,2814
43.0416305603426,0.03763604164123535,2350
41.21320343559642,0.03639483451843262,2186
43.59797974644665,0.05005145072937012,4438
42.455844122715696,0.044225454330444336,2905
40.041630560342604,0.043140411376953125,2661
40.828427124746185,0.037625789642333984,2453
42.183766184073555,0.03793478012084961,2948
40.38477631085023,0.038053035736083984,2605
42.041630560342604,0.034325599670410156,1917
46.284271247461874,0.03489971160888672,2004
46.72792206135783,0.04888582229614258,4444
45.941125496954264,0.04938101768493652,4445
46.870057685088796,0.03999686241149902,2714
45.899494936611646,0.04376101493835449,3593
44.14213562373094,0.04956841468811035,3595
45.45584412271569,0.05254030227661133,4519
45.355339059327356,0.042447566986083984,2601
45.727922061357845,0.04494929313659668,3551
48.355339059327356,0.03975343704223633,3017
48.21320343559639,0.04519152641296387,3727
48.38477631085021,0.048973798751831055,4362
46.870057685088796,0.03614687919616699,2082
50.970562748477136,0.04327678680419922,3484
49.62741699796948,0.04632234573364258,3951
48.04163056034261,0.042733192443847656,3334
49.384776310850214,0.04896140098571777,4502
51.426406871192825,0.055121421813964844,5295
47.62741699796952,0.04005932807922363,2978
53.07106781186546,0.05413651466369629,5333
55.6690475583121,0.03783011436462402,2455
53.31370849898474,0.05920767784118652,6041
53.284271247461874,0.04327225685119629,3522
54.284271247461874,0.05866122245788574,6105
54.25483399593901,0.049076080322265625,4558
52.0832611206852,0.04713630676269531,4035
52.94112549695426,0.045400381088256836,3882
54.52691193458116,0.04793190956115723,4334
52.84062043356592,0.04254484176635742,3355
58.42640687119281,0.042082786560058594,3243
59.32590180780447,0.06016230583190918,6488
59.59797974644661,0.05481386184692383,5235
57.76955262170043,0.05288219451904297,4678
56.911688245431385,0.047319889068603516,4226
58.11269837220806,0.05428719520568848,5508
57.183766184073534,0.05156278610229492,4977
57.91168824543139,0.05820298194885254,5823
59.0416305603426,0.057526350021362305,5860
59.15432893255066,0.04481697082519531,3883
63.3847763108502,0.06334614753723145,7063
60.041630560342625,0.05089974403381348,4933
63.52691193458118,0.06576371192932129,7635
61.6274169979695,0.06725931167602539,7928
60.426406871192796,0.05266070365905762,5431
63.49747468305827,0.05809974670410156,6247
63.870057685088774,0.06115126609802246,6590
63.87005768508877,0.06875967979431152,7236
62.49747468305827,0.06864261627197266,6721
62.28427124746186,0.056828975677490234,4913
64.42640687119282,0.07281303405761719,7533
66.4264068711928,0.0637047290802002,5939
65.7989898732233,0.07000088691711426,7622
65.35533905932735,0.06240057945251465,7134
63.325901807804485,0.05334067344665527,4149
64.81118318204304,0.04027438163757324,2223
63.91168824543138,0.0666499137878418,6527
64.84062043356589,0.07114958763122559,7531
67.18376618407353,0.05454421043395996,6213
67.42640687119278,0.056767940521240234,6162
70.0832611206852,0.058197736740112305,6296
68.25483399593897,0.06688499450683594,7588
71.98275605729683,0.08817839622497559,10054
70.56854249492373,0.06816816329956055,8021
69.94112549695426,0.06641244888305664,7497
69.18376618407353,0.050270795822143555,4985
68.62741699796949,0.06777787208557129,7917
71.94112549695423,0.08241987228393555,10067
68.81118318204304,0.06912446022033691,8165
71.69848480983494,0.07901501655578613,9305
75.56854249492372,0.053262948989868164,5269
74.42640687119277,0.0815885066986084,9942
74.18376618407352,0.06532049179077148,7230
74.69848480983494,0.047696828842163086,4310
71.81118318204302,0.0477755069732666,4423
75.53910524340087,0.05475759506225586,5486
72.72792206135783,0.0453643798828125,3886
73.28427124746186,0.06014847755432129,6428
72.49747468305827,0.07866191864013672,9582
75.2253967444161,0.07012605667114258,8125
75.32590180780444,0.06584572792053223,7671
77.01219330881973,0.06413030624389648,7171
77.6274169979695,0.08344745635986328,10395
76.94112549695426,0.07595300674438477,9185
78.45584412271567,0.07115626335144043,8587
79.28427124746187,0.054437875747680664,5695
77.04163056034257,0.08457493782043457,10967
76.53910524340087,0.05951738357543945,5681
75.6396103067892,0.08767962455749512,10546
78.66904755831206,0.07208943367004395,7324
80.66904755831209,0.08110260963439941,10770
81.66904755831209,0.0784006118774414,9846
81.6396103067892,0.05924534797668457,6434
81.04163056034258,0.05955696105957031,6692
81.25483399593898,0.05254101753234863,5191
80.84062043356592,0.08793139457702637,11208
82.94112549695426,0.06715607643127441,8226
82.15432893255064,0.06911921501159668,8127
79.6396103067892,0.07146644592285156,8832
80.14213562373094,0.09704256057739258,12431
86.84062043356589,0.060159921646118164,5822
85.05382386916231,0.09988784790039062,12329
83.76955262170041,0.05973362922668457,7195
85.53910524340084,0.1007530689239502,13934
86.11269837220806,0.08940315246582031,11681
87.11269837220803,0.06519412994384766,7973
84.45584412271567,0.06508374214172363,7105
81.66904755831207,0.07762622833251953,10336
86.72792206135783,0.07310199737548828,9755
86.56854249492372,0.07905721664428711,10050
91.29646455628155,0.07769560813903809,9594
89.61017305526633,0.07951951026916504,10560
90.1543289325506,0.09637331962585449,12911
88.12489168102776,0.08568549156188965,11373
90.88225099390847,0.10733199119567871,15598
89.0121933088197,0.08805680274963379,12140
91.1837661840735,0.08577108383178711,11888
89.81118318204302,0.0829463005065918,11846
89.91168824543134,0.09348082542419434,12411
89.12489168102778,0.08248090744018555,10734
94.04163056034258,0.0823051929473877,10402
91.811183182043,0.09964537620544434,13664
92.11269837220803,0.09794282913208008,13347
93.4680374315354,0.0694429874420166,9189
91.0538238691623,0.08418130874633789,11534
94.25483399593897,0.10332274436950684,14952
88.56854249492372,0.0784454345703125,10552
94.18376618407352,0.10825133323669434,15254
92.12489168102778,0.08979940414428711,11967
79.08326112068517,0.08518171310424805,11715
98.15432893255061,0.12961721420288086,18587
96.3553390593273,0.08855557441711426,12202
97.42640687119278,0.08117270469665527,11373
99.36753236814701,0.09021639823913574,11935
99.4264068711928,0.09661197662353516,13223
97.08326112068515,0.10030913352966309,14697
96.0243866176394,0.10150861740112305,14294
99.0121933088197,0.12741589546203613,18055
97.49747468305827,0.0999000072479248,14555
96.14213562373092,0.10328173637390137,14141
102.94112549695421,0.09045529365539551,12217
99.88225099390847,0.10250401496887207,15339
99.92388155425105,0.10269927978515625,12788
101.95331880577393,0.07190561294555664,7564
100.01219330881972,0.10740113258361816,15363
101.85281374238558,0.07931041717529297,8733
100.36753236814704,0.1088709831237793,14909
103.98275605729678,0.11290860176086426,15969
98.88225099390846,0.10699844360351562,14428
102.98275605729683,0.13201355934143066,19448
104.26702730475866,0.10983729362487793,15632
104.85281374238559,0.12752079963684082,18761
103.6101730552663,0.08438706398010254,11380
106.81118318204302,0.08054757118225098,10079
106.29646455628155,0.08331847190856934,9655
105.32590180780441,0.15078473091125488,18840
104.15432893255063,0.12923383712768555,16947
106.62741699796948,0.10828614234924316,14168
105.33809511662415,0.07878994941711426,9460
106.5685424949237,0.11571264266967773,15848
107.84062043356587,0.06604290008544922,7531
110.25483399593895,0.09976911544799805,13044
108.49747468305826,0.11648821830749512,16452
106.5685424949237,0.05347752571105957,6304
107.53910524340087,0.09435868263244629,10971
108.85281374238558,0.09777522087097168,13182
109.4264068711928,0.06597614288330078,8461
110.63961030678918,0.11539387702941895,16526
108.69848480983497,0.11438226699829102,16733
110.08326112068515,0.12476277351379395,18241
113.88225099390846,0.09738755226135254,14022
113.22539674441613,0.08360767364501953,12409
113.95331880577395,0.1401503086090088,20888
115.91168824543132,0.05639958381652832,6662
115.25483399593901,0.1374056339263916,20027
115.12489168102772,0.13972830772399902,20331
112.98275605729678,0.05451369285583496,6451
113.1959594928932,0.10276484489440918,15011
113.89444430272816,0.10093092918395996,14418
112.65180361560888,0.08948206901550293,12494
118.63961030678917,0.08848381042480469,12613
117.91168824543136,0.14345264434814453,21451
116.39696961966989,0.12915301322937012,20072
115.29646455628156,0.1379845142364502,20324
114.85281374238559,0.07274627685546875,10052
117.1959594928932,0.141815185546875,20710
116.69848480983495,0.13374543190002441,19534
116.45584412271566,0.1498267650604248,22540
116.58073580374344,0.04549717903137207,4170
117.74011537017755,0.13132524490356445,18727
117.75230867899724,0.09445333480834961,13300
121.42640687119278,0.14388632774353027,21710
122.43860018001249,0.1670222282409668,23866
120.84062043356592,0.09848594665527344,13533
123.22539674441606,0.1403651237487793,20611
119.40916292848961,0.11367130279541016,16205
122.15432893255063,0.08934879302978516,10384
120.74011537017753,0.15252041816711426,21520
121.71067811865466,0.12520480155944824,18222
121.15432893255063,0.13001585006713867,19453
124.48023074035505,0.11324572563171387,17127
124.65180361560888,0.1591808795928955,22897
124.66904755831204,0.170928955078125,26042
125.45584412271566,0.11308693885803223,15992
124.46803743153538,0.13097357749938965,20416
125.94112549695423,0.16718578338623047,25513
127.05382386916226,0.14561963081359863,20466
124.36753236814702,0.15605783462524414,23996
125.75230867899725,0.16071200370788574,24777
125.12489168102772,0.12369203567504883,18017
131.22539674441606,0.096832275390625,14120
129.8528137423856,0.16759085655212402,25452
128.4264068711928,0.14244484901428223,21024
126.40916292848958,0.1728804111480713,25845
130.05382386916227,0.12841439247131348,18678
128.46803743153538,0.16215920448303223,24683
131.06601717798196,0.175431489944458,26279
130.21320343559637,0.1352064609527588,20047
130.71067811865467,0.18037748336791992,27452
127.02438661763941,0.050548553466796875,5736
134.55129855222054,0.12486839294433594,18404
133.09545442950485,0.19720220565795898,29883
133.72792206135784,0.13605570793151855,20479
135.62236636408602,0.14826655387878418,21755
135.95331880577402,0.18119001388549805,28652
134.24264068711926,0.1327502727508545,19682
130.74011537017756,0.14744091033935547,23410
132.94112549695427,0.11472296714782715,17290
131.3086578651013,0.10667991638183594,15768
131.7817459305201,0.16325950622558594,25483
133.92388155425107,0.1381700038909912,21225
138.55129855222054,0.19112730026245117,29663
136.19595949289317,0.1448960304260254,21855
139.63961030678917,0.10332059860229492,15254
137.7106781186546,0.12530159950256348,18416
136.05382386916227,0.1208188533782959,17273
137.9533188057739,0.17276740074157715,26854
138.32590180780443,0.1376652717590332,20175
137.1665222413703,0.17729854583740234,27121
137.03657992645915,0.13201022148132324,19274
140.58073580374352,0.1774883270263672,27938
141.2964645562816,0.2119150161743164,32514
143.85281374238556,0.1973123550415039,29781
140.19595949289325,0.1969907283782959,30405
142.63961030678925,0.13337397575378418,20323
140.8406204335659,0.11694741249084473,16798
140.8233764908628,0.15587067604064941,22973
142.19595949289322,0.16310620307922363,24227
141.98275605729683,0.16095495223999023,24498
140.3086578651013,0.1767740249633789,26559
145.62236636408613,0.11212444305419922,16938
147.95331880577402,0.15539002418518066,24115
143.254833995939,0.11060166358947754,16054
147.208152801713,0.22147274017333984,34466
144.30865786510125,0.14049482345581055,21651
143.19595949289325,0.15397405624389648,23198
143.40916292848968,0.13391447067260742,19856
145.88225099390849,0.16414737701416016,25046
146.45584412271566,0.1528329849243164,22422
140.76450198781703,0.11705231666564941,16596
150.00714267493638,0.14133858680725098,20771
147.46803743153538,0.2269914150238037,33918
150.19595949289337,0.11394667625427246,17136
147.88225099390854,0.15556716918945312,23961
145.78174593052026,0.2197585105895996,34991
148.68124086713186,0.1503140926361084,21907
151.08326112068517,0.17026615142822266,25583
148.37972567696679,0.08600139617919922,12512
151.12489168102778,0.12548112869262695,18473
150.7106781186548,0.21385931968688965,31829
151.5391052434009,0.11755943298339844,16875
153.30865786510137,0.14920496940612793,21848
152.7401153701776,0.18349027633666992,27989
152.79393923933986,0.19704365730285645,29601
153.4386001800126,0.13981962203979492,19031
155.2670273047587,0.10079741477966309,13540
151.43860018001268,0.13856077194213867,19503
150.63961030678928,0.11561989784240723,14993
155.1959594928934,0.10781979560852051,17150
152.18376618407356,0.13191008567810059,19535
156.53910524340088,0.19799566268920898,29133
153.82337649086273,0.0935969352722168,12613
159.37972567696696,0.1565871238708496,24157
158.86500705120537,0.24329543113708496,38971
155.6690475583122,0.1625957489013672,24601
155.93607486307084,0.16381573677062988,25169
158.35533905932732,0.20768165588378906,33217
156.8528137423857,0.22402572631835938,36032
157.1248916810278,0.20107460021972656,31418
156.29646455628165,0.1316063404083252,20210
159.5512985522208,0.10557436943054199,15354
161.3086578651013,0.10538649559020996,15349
162.99494936611657,0.2299058437347412,34453
163.32590180780466,0.18854117393493652,29268
163.26702730475873,0.1841716766357422,28653
160.2081528017129,0.1952378749847412,30070
161.66399692442877,0.05840277671813965,6626
161.20815280171314,0.12172436714172363,19086
161.68124086713183,0.1518714427947998,22342
160.3086578651015,0.13959717750549316,21746
166.9238815542513,0.24389910697937012,37833
162.27922061357867,0.183272123336792,28467
166.1370849898476,0.13602423667907715,19707
166.53910524340117,0.16007256507873535,24881
165.82337649086273,0.2249736785888672,35403
164.6101730552664,0.11900925636291504,17700
164.8944443027284,0.19308018684387207,30325
163.62236636408622,0.23174834251403809,36143
162.13708498984764,0.23822474479675293,35774
164.12489168102792,0.17975592613220215,26984
169.53910524340097,0.16817903518676758,23438
169.48023074035524,0.11682772636413574,17609
167.03657992645932,0.1339111328125,21085
168.1959594928933,0.12637853622436523,19105
170.72287142747464,0.2090590000152588,32631
166.90663761154812,0.2251904010772705,35140
169.95331880577407,0.24367976188659668,37927
167.48023074035538,0.2720613479614258,38559
171.55129855222071,0.26012110710144043,37330
170.50966799187813,0.1567389965057373,23654
171.92388155425124,0.2452375888824463,37305
173.10764773832494,0.10100841522216797,15560
174.23759005323612,0.20874428749084473,33550
173.61017305526644,0.18510770797729492,29393
171.98275605729708,0.18826866149902344,29676
172.7401153701777,0.15595149993896484,22646
173.4386001800126,0.219987154006958,32488
170.4924240491751,0.21717548370361328,34044
172.3380951166243,0.10219144821166992,13775
172.9949493661166,0.09319353103637695,13249
179.0071426749366,0.15480995178222656,24410
175.5807358037437,0.14333605766296387,22634
176.10764773832486,0.17252588272094727,27240
177.16652224137056,0.14201688766479492,20624
176.89444430272854,0.23450112342834473,36895
176.7645019878173,0.18503618240356445,29201
177.36753236814712,0.162916898727417,25225
176.40916292848985,0.1917715072631836,29958
177.74011537017756,0.2334902286529541,36540
176.8822509939086,0.12744450569152832,19585
181.11269837220814,0.18535137176513672,29231
176.17871555019033,0.25897955894470215,40679
181.88225099390849,0.165360689163208,24316
178.50966799187822,0.25688910484313965,38257
179.52186130069796,0.2351536750793457,37825
183.22034611053297,0.16353392601013184,25199
182.32085117392123,0.2930724620819092,45315
177.86500705120562,0.260723352432251,38777
181.06601717798222,0.13780927658081055,21456
180.26702730475876,0.1800839900970459,29264
185.1665222413705,0.24183249473571777,36692
187.09545442950508,0.1948394775390625,30200
172.99494936611674,0.19974541664123535,31119
186.48023074035532,0.19601917266845703,27501
186.58073580374364,0.2082533836364746,31765
187.48023074035532,0.1036069393157959,14441
183.50966799187813,0.2786576747894287,42298
186.62236636408633,0.24847126007080078,39388
185.5218613006981,0.21163105964660645,31549
186.9655121145939,0.23942017555236816,38521
190.32085117392123,0.2189631462097168,34291
190.35028842544435,0.27170586585998535,39763
189.24978336205572,0.28976917266845703,45452
189.99494936611663,0.15845203399658203,22954
190.22034611053303,0.19654560089111328,31055
189.88225099390868,0.24204730987548828,38944
188.32085117392145,0.2331531047821045,36358
189.13708498984775,0.0975639820098877,14075
191.7228714274745,0.11064553260803223,16433
184.24978336205587,0.19519686698913574,29997
192.36753236814724,0.22125244140625,36458
190.43860018001266,0.24274921417236328,37866
189.86500705120557,0.2914149761199951,44377
192.16652224137073,0.1949024200439453,30607
194.56349186104052,0.29302287101745605,46734
192.37972567696687,0.2117161750793457,32458
193.23759005323606,0.20095443725585938,31552
193.50966799187827,0.18472909927368164,27877
192.26702730475887,0.1758594512939453,27711
192.88225099390849,0.1351323127746582,19558
197.66399692442923,0.22722744941711426,36762
199.76450198781723,0.26831817626953125,42427
193.87720036002557,0.2532918453216553,39301
188.56349186104075,0.28484535217285156,44534
197.5340546095178,0.12541508674621582,18913
197.33809511662463,0.24538731575012207,39560
196.4802307403553,0.2137160301208496,32906
198.26197667087575,0.13315677642822266,19528
196.1959594928934,0.11824774742126465,19249
196.3675323681473,0.2623763084411621,41598
202.19595949289334,0.18875551223754883,30545
201.39191898578676,0.25567007064819336,40903
200.3086578651017,0.20231866836547852,31160
201.72287142747462,0.16012358665466309,24158
200.93607486307113,0.2968318462371826,45995
201.53405460951785,0.2248530387878418,34070
200.50966799187856,0.22970914840698242,35660
203.8355697996829,0.10008096694946289,14307
201.82337649086298,0.24576187133789062,38739
202.53405460951797,0.27065086364746094,40741
203.72287142747464,0.2369215488433838,37226
203.6101730552666,0.2106611728668213,33332
202.87720036002554,0.17162656784057617,25938
204.2081528017131,0.24486780166625977,38521
204.71067811865484,0.21171092987060547,33029
205.43860018001277,0.26775145530700684,42207
203.92388155425135,0.23395156860351562,36597
207.0954544295052,0.2601451873779297,37558
207.3380951166241,0.2439420223236084,34657
203.8233764908631,0.2961149215698242,44313
210.53910524340102,0.1415882110595703,21438
207.14927829866764,0.19265413284301758,31441
208.1492782986674,0.18996191024780273,30726
207.76450198781725,0.11690402030944824,16538
208.17871555019056,0.2097151279449463,34078
208.10764773832489,0.2858548164367676,45345
208.2375900532361,0.12795329093933105,19325
209.58073580374364,0.25329089164733887,41072
208.50966799187825,0.21262168884277344,33066
210.50966799187844,0.24630475044250488,38761
215.27922061357867,0.15071320533752441,22040
213.56349186104097,0.21936750411987305,32158
212.279220613579,0.2153186798095703,32992
215.33304448274137,0.26647257804870605,34716
212.50461735799507,0.2614138126373291,41458
211.50461735799507,0.21693873405456543,33707
211.73506473629442,0.26442980766296387,40978
213.7939392393405,0.27454161643981934,42257
211.60512242138336,0.3257298469543457,46770
212.7350647362943,0.21754956245422363,33830
203.9360748630709,0.3045814037322998,46493
216.078210486802,0.20746636390686035,31635
218.3502884254442,0.23294734954833984,36242
219.3919189857869,0.3066833019256592,43560
216.84776310850285,0.23717474937438965,31532
218.40916292849,0.17726802825927734,23426
215.60512242138333,0.20372390747070312,27788
216.60512242138338,0.12633514404296875,18572
216.6223663640866,0.2207355499267578,29985
216.98989873223374,0.2574491500854492,38863
218.10764773832526,0.1939988136291504,26813
221.95331880577447,0.24503612518310547,34554
220.43860018001297,0.24446392059326172,33939
222.84776310850276,0.32806897163391113,47604
223.37972567696715,0.2075362205505371,28616
220.52186130069794,0.17340970039367676,27114
220.70562748477172,0.2493271827697754,40016
219.62236636408662,0.27857017517089844,44867
223.13708498984784,0.25565648078918457,40507
218.73506473629473,0.18547415733337402,27456
226.48023074035535,0.2313239574432373,37787
223.86500705120574,0.24322032928466797,38015
224.23759005323615,0.2573871612548828,36063
220.68124086713195,0.2440958023071289,39403
227.03657992645964,0.29422974586486816,46014
224.03657992645952,0.19323992729187012,29659
225.66399692442923,0.1988356113433838,30976
224.4629867976524,0.29846978187561035,46902
226.1787155501906,0.2473735809326172,37638
224.84776310850265,0.22571682929992676,36118
229.45079348883257,0.14639043807983398,21864
224.3380951166245,0.12708067893981934,18731
228.85281374238582,0.22855806350708008,37740
229.2081528017134,0.19815301895141602,32689
227.5929291125637,0.26288509368896484,42554
224.17871555019082,0.2872898578643799,43767
225.90663761154852,0.26527833938598633,41656
230.0365799264596,0.2476191520690918,39150
228.12489168102798,0.26959800720214844,42129
230.52186130069828,0.2066056728363037,33512
232.73506473629453,0.26421475410461426,42228
234.9777054234141,0.2551703453063965,41820
231.49242404917533,0.18846583366394043,29014
233.63455967290648,0.23549199104309082,37379
234.93607486307133,0.24213695526123047,38460
233.30360723121873,0.19690966606140137,30521
232.76450198781768,0.23617267608642578,37403
234.00714267493692,0.30271339416503906,47597
231.80613254815992,0.29714488983154297,46105
234.0660171779824,0.2099294662475586,33340
237.94826817189107,0.286801815032959,44996
236.03657992645978,0.26953816413879395,42781
236.1614716074876,0.15583586692810059,23980
236.33304448274131,0.2929973602294922,46928
231.76450198781723,0.20880413055419922,33500
235.7645019878176,0.20383620262145996,30989
238.33809511662454,0.29711318016052246,44876
236.81832585697998,0.2960376739501953,46161
237.10259710444205,0.24652433395385742,39444
235.19090885901025,0.22655081748962402,34540
240.1076477383249,0.1611936092376709,24267
240.99494936611705,0.20213556289672852,31369
238.64675298172622,0.22929143905639648,36748
242.81832585698015,0.21341466903686523,32838
240.33809511662437,0.26569652557373047,41333
239.56349186104066,0.16134977340698242,23511
241.13708498984772,0.21407198905944824,31919
241.2497833620565,0.263458251953125,41795
243.14927829866775,0.15633726119995117,24529
240.7523086789975,0.18756628036499023,29213
243.3624817342643,0.21001625061035156,32695
244.39191898578676,0.2698671817779541,42911
246.8477631085027,0.2622702121734619,41375
243.1492782986675,0.2970428466796875,46344
243.43354954612988,0.18176698684692383,28237
245.83556979968282,0.29810571670532227,46514
243.59292911256375,0.22880220413208008,37699
246.43860018001288,0.2413036823272705,39053
244.13708498984778,0.27965354919433594,43836
244.40916292849,0.2414994239807129,37590
246.22034611053323,0.20131516456604004,31574
248.98989873223394,0.22919011116027832,35945
250.391918985787,0.2750880718231201,45185
249.97770542341377,0.21901202201843262,32517
233.0487732352793,0.15018343925476074,23242
248.19090885901056,0.17117547988891602,26601
251.50966799187827,0.23418760299682617,38825
246.9604614807112,0.2539849281311035,37532
248.48023074035558,0.2550992965698242,40669
249.93607486307138,0.23839783668518066,37721
252.6467529817262,0.2592000961303711,42717
252.62236636408608,0.24811816215515137,38398
252.2031021678305,0.21863007545471191,33703
253.27922061357896,0.22174406051635742,36305
251.91883092036866,0.25502824783325195,40564
252.20815280171342,0.2856757640838623,45519
254.8944443027289,0.26543331146240234,42695
253.0365799264598,0.2531132698059082,40278
253.9238815542514,0.26194000244140625,42229
251.63455967290636,0.2860867977142334,45296
259.4802307403556,0.2517261505126953,39676
257.62236636408653,0.17435145378112793,27745
257.97770542341397,0.19438719749450684,31604
254.71782079359198,0.26947951316833496,40634
257.6051224213838,0.23413705825805664,37593
258.44574285494963,0.29379725456237793,47233
258.6639969244293,0.26467466354370117,41557
258.94826817189096,0.21694588661193848,35381
255.43860018001274,0.16803622245788574,26770
257.5218613006983,0.1850273609161377,29765
255.97770542341414,0.1585555076599121,26199
262.4629867976525,0.22552800178527832,36417
261.40411229460693,0.222611665725708,36999
261.7056274847719,0.2485504150390625,37631
260.06601717798253,0.26695799827575684,40059
260.3502884254445,0.26402926445007324,42984
262.27416997969596,0.26294469833374023,42399
260.989898732234,0.29102230072021484,46249
263.3036072312187,0.2474522590637207,39394
259.42135623730985,0.2545955181121826,38686
265.27922061357884,0.29810285568237305,44762
264.06601717798236,0.24135065078735352,35750
265.83051916580007,0.3193511962890625,45938
267.404112294607,0.25659728050231934,38749
265.8944443027288,0.27702927589416504,43582
265.5807358037438,0.21506524085998535,33224
267.93607486307127,0.2200629711151123,35623
265.9482681718915,0.28977155685424805,46568
258.49242404917567,0.269484281539917,43669
265.4041122946074,0.26066064834594727,41842
268.1787155501904,0.2560875415802002,41475
267.9482681718911,0.26521944999694824,43033
271.4041122946073,0.24836349487304688,39087
269.94826817189113,0.1976945400238037,28627
267.7300141024118,0.26285862922668457,41597
265.7178207935921,0.2706422805786133,43721
269.53405460951825,0.2819099426269531,44793
269.7939392393404,0.2700166702270508,42501
267.3036072312187,0.2128000259399414,33503
268.67619023324903,0.2294323444366455,36824
272.8650070512059,0.2616734504699707,43275
270.94826817189113,0.2858433723449707,47045
272.90158697766566,0.27471184730529785,43422
271.90663761154826,0.2839548587799072,44157
274.7178207935918,0.2971937656402588,46844
273.1442276647849,0.25734496116638184,40958
272.0487732352798,0.2666964530944824,43367
275.6589462905462,0.26870131492614746,43283
273.93607486307127,0.27572107315063477,43205
272.563491861041,0.24532413482666016,39151
275.8061325481603,0.2674539089202881,43097
277.0071426749368,0.2161731719970703,30814
276.29141392239876,0.2341761589050293,35939
277.8305191658003,0.2719407081604004,43687
278.8010819142773,0.27062034606933594,42999
277.2792206135789,0.2602062225341797,41586
279.3624817342642,0.294769287109375,47571
277.1736649163076,0.30941200256347656,45615
277.274169979696,0.23679256439208984,38752
279.9482681718915,0.2900731563568115,46275
281.10764773832506,0.2097311019897461,33872
280.44574285494974,0.2643709182739258,41123
280.0315292925767,0.2749793529510498,44428
272.16147160748807,0.185530424118042,29091
281.3797256769673,0.2629084587097168,42858
280.11984104714486,0.24753713607788086,39147
280.1736649163076,0.25223207473754883,42254
281.91883092036875,0.2779667377471924,44936
281.38686835190424,0.2765529155731201,44324
281.87720036002565,0.22465968132019043,35276
282.87720036002594,0.27003955841064453,43836
285.53405460951814,0.25995850563049316,42003
283.2081528017134,0.2454843521118164,40322
283.2203461105331,0.21809887886047363,34083
281.96551211459416,0.2517244815826416,41049
284.80613254816006,0.21359539031982422,34418
285.4507934888327,0.24602746963500977,40559
284.6467529817264,0.23352336883544922,33854
286.0782104868025,0.27588868141174316,43823
285.24978336205623,0.2575185298919678,42606
286.90663761154883,0.29749107360839844,47354
288.9726547895313,0.28286027908325195,43623
288.6589462905462,0.27084994316101074,43550
288.19090885901085,0.287503719329834,45344
291.031529292577,0.26278185844421387,41416
289.1787155501909,0.28714966773986816,45401
288.83051916580024,0.26009631156921387,42326
289.2447327281733,0.22942709922790527,37156
286.0904037956225,0.26442623138427734,42614
289.90158697766554,0.2876296043395996,46817
292.717820793592,0.3235316276550293,46581
287.85995641732313,0.27970147132873535,45780
295.8893936688459,0.30481791496276855,47613
291.9360748630714,0.2561943531036377,42327
292.3919189857872,0.2580115795135498,41645
293.4924240491755,0.2896912097930908,46415
293.91883092036846,0.2714226245880127,43944
291.3919189857869,0.23274731636047363,37888
294.2031021678309,0.28119897842407227,44776
292.1025971044423,0.273162841796875,43699
294.14927829866764,0.25984811782836914,42395
298.9310242291885,0.2899162769317627,46835
295.4213562373099,0.252518892288208,40998
295.3330444827419,0.27613186836242676,43835
297.9604614807111,0.29622697830200195,47373
297.21529547665057,0.2800753116607666,44242
295.1025971044423,0.2660233974456787,43195
297.9310242291886,0.2593092918395996,42107
299.2152954766504,0.2718656063079834,44417
298.01933598375666,0.28888893127441406,47338
301.3452377915618,0.2882707118988037,46911
297.9310242291886,0.2600877285003662,41313
299.34523779156154,0.29102540016174316,47479
300.15642097360495,0.2978332042694092,46301
300.22034611053385,0.3214690685272217,46637
298.3036072312187,0.2557241916656494,41869
287.97265478953125,0.27057504653930664,43669
301.48737341529244,0.28940820693969727,47467
300.0020920410541,0.28913307189941406,45482
300.7888886054576,0.24460649490356445,39864
304.17366491630776,0.2815871238708496,46177
303.85995641732325,0.28649139404296875,47400
305.9015869776658,0.2724778652191162,44635
306.59292911256375,0.27774977684020996,45191
305.38686835190447,0.25993943214416504,42489
302.13203435596523,0.26967954635620117,41716
304.2152954766507,0.2564353942871094,41258
303.6639969244294,0.2850992679595947,43072
301.80108191427746,0.27745556831359863,44286
301.7472580451149,0.2967662811279297,46705
308.91883092036824,0.2577190399169922,40062
307.8477631085032,0.3019533157348633,46657
307.7005768508891,0.2879974842071533,45788
308.49242404917544,0.30779361724853516,45102
306.68838354206923,0.29735565185546875,45444
305.3036072312186,0.2926304340362549,45313
309.3330444827416,0.3045971393585205,44450
308.5462479183382,0.31185436248779297,47088
310.8305191658005,0.2528669834136963,42217
311.24473272817335,0.29808712005615234,46593
310.6467529817266,0.28601574897766113,47193
312.91883092036846,0.2839374542236328,46208
309.46298679765295,0.2956094741821289,46329
310.29141392239876,0.23534536361694336,38323
309.8427124746202,0.28051161766052246,45043
312.1198410471452,0.27267885208129883,46005
311.91883092036875,0.2964966297149658,44419
313.8772003600257,0.25834178924560547,42600
315.0142853498739,0.2944831848144531,47288
310.3624817342642,0.2604212760925293,42410
316.5168106668155,0.26673054695129395,42034
317.31580054003894,0.27661609649658203,45551
316.83051916580047,0.286501407623291,45605
316.901586977666,0.27159833908081055,44077
315.5462479183384,0.2701759338378906,44211
319.67113959936654,0.2715611457824707,43982
319.2914139223989,0.2715151309967041,44079
315.3158005400388,0.2874903678894043,46143
315.563491861041,0.2785942554473877,45310
314.26197667087604,0.28858017921447754,45594
320.0904037956226,0.2828061580657959,45453
321.5756851698612,0.2804403305053711,46922
322.6173157302037,0.2773916721343994,44236
320.4579361637698,0.28783392906188965,47482
308.1909088590108,0.23808813095092773,38828
323.7005768508892,0.2956655025482178,47359
322.4335495461302,0.2911219596862793,46805
321.62950903902356,0.293259859085083,47426
322.0437226013969,0.2976973056793213,46786
321.4579361637699,0.27545166015625,44724
322.1442276647851,0.28113698959350586,46019
325.26197667087575,0.26975512504577637,43703
323.77164466275485,0.2787332534790039,45213
325.1147904132625,0.2658843994140625,42864
325.0487732352798,0.28666186332702637,45943
321.9726547895314,0.27782392501831055,45014
322.52186130069833,0.25241875648498535,40994
320.7005768508893,0.26825666427612305,44457
323.46298679765283,0.27948617935180664,45583
321.67113959936654,0.2567136287689209,41523
327.47012947258986,0.2823452949523926,45646
328.0437226013968,0.2846403121948242,46203
326.0315292925767,0.29984140396118164,44023
327.87214972614294,0.2790050506591797,43806
323.4873734152925,0.29825282096862793,47006
330.57568516986066,0.28989458084106445,44207
329.2619766708762,0.2811715602874756,44702
330.25692603699343,0.26197338104248047,42992
326.0020920410538,0.2904205322265625,47310
328.17366491630764,0.29538846015930176,47674
330.55844122715814,0.30220890045166016,47403
331.06096654409964,0.2767496109008789,45405
331.81327522309743,0.257352352142334,41822
334.0904037956223,0.2679767608642578,44015
318.9777054234142,0.2565879821777344,41644
331.62950903902384,0.27380967140197754,44686
330.0904037956222,0.26850295066833496,43683
332.3036072312189,0.2707998752593994,43942
329.5878784786811,0.2861175537109375,46750
332.8772003600257,0.27805161476135254,43407
337.0437226013968,0.2888767719268799,47404
336.06096654409953,0.2806844711303711,45854
334.4457428549502,0.2911190986633301,46807
338.0437226013967,0.28330540657043457,47154
335.9726547895314,0.2942626476287842,46633
338.49956672411275,0.2724728584289551,45902
317.35028842544455,0.28328394889831543,47023
336.6295090390237,0.2781951427459717,44698
334.31580054003894,0.2843942642211914,46581
334.2325394193535,0.28061985969543457,45497
327.5634918610411,0.27068042755126953,42254
339.8843430349631,0.2949562072753906,45230
342.68838354206923,0.25884509086608887,43049
341.07315985291973,0.288454532623291,47421
340.1909088590109,0.29187917709350586,47488
339.62950903902384,0.2900049686431885,47383
340.913780286486,0.2804837226867676,45142
342.47012947259,0.2791290283203125,45726
337.7178207935923,0.2903599739074707,46320
334.3624817342643,0.2859923839569092,46933
346.64170234784376,0.26889538764953613,44027
342.94826817189113,0.27535152435302734,45342
345.587878478681,0.2913088798522949,46779
341.98484809835134,0.28353381156921387,46305
343.77669529663757,0.2730696201324463,45143
340.2985565973361,0.2889680862426758,45657
343.2569260369933,0.2779669761657715,46301
345.1442276647852,0.28466033935546875,47113
345.84776310850293,0.26653075218200684,43594
345.1858582251278,0.27292728424072266,45406
346.9848480983513,0.2929036617279053,47174
345.913780286486,0.2823171615600586,44422
348.9482681718913,0.2743349075317383,45260
330.86500705120585,0.2652440071105957,43188
346.4041122946071,0.27495694160461426,44774
347.20310216783037,0.2605619430541992,42960
346.65894629054674,0.2963216304779053,47609
348.5584412271584,0.2928426265716553,45831
346.1909088590105,0.28204774856567383,45080
344.1442276647852,0.29903459548950195,47074
351.8599564173232,0.2874011993408203,47212
346.8010819142774,0.288546085357666,47012
350.00209204105397,0.2879164218902588,46209
350.9432175380089,0.2951340675354004,46664
342.07821048680245,0.2847137451171875,47115
354.44069222106714,0.28597259521484375,46465
352.1858582251279,0.2935051918029785,47665
351.4579361637701,0.2816050052642822,46001
352.6295090390238,0.27828550338745117,45141
351.21529547665074,0.3043854236602783,46921
355.8132752230975,0.28047990798950195,46335
355.8427124746203,0.2901139259338379,47149
354.35743110038175,0.28748559951782227,47654
355.05591591021675,0.2901120185852051,47348
351.8305191658005,0.2878077030181885,47382
355.82546853191747,0.29196619987487793,47671
354.80108191427763,0.2795681953430176,46562
353.41630560342713,0.28629612922668457,46833
353.8721497261431,0.29810667037963867,47667
356.98484809835134,0.297853946685791,46771
358.00209204105425,0.28240156173706055,46184
362.67113959936665,0.28565168380737305,47106
356.3158005400391,0.2834584712982178,46222
357.6417023478437,0.2889080047607422,46879
355.94321753800864,0.2979714870452881,46970
359.37467504308444,0.2985200881958008,47634
355.3624817342644,0.2828354835510254,47085
358.44574285495,0.29593849182128906,46815
358.81327522309743,0.3297243118286133,47289
356.5584412271583,0.282914400100708,47070
365.52900397563553,0.2881765365600586,46061
365.77164466275485,0.303009033203125,47534
354.2447327281737,0.2902078628540039,46545
361.68838354206906,0.2903621196746826,46530
366.1564209736053,0.29613566398620605,47443
364.8427124746204,0.2850606441497803,46494
362.4751801064728,0.2956876754760742,47410
363.5290039756357,0.3005409240722656,47531
366.6000717875011,0.28861045837402344,46475
361.8132752230976,0.2941744327545166,47676
365.9432175380087,0.28340768814086914,47436
368.6417023478437,0.2946608066558838,47119
367.5411972844555,0.29625487327575684,47143
370.57063453597823,0.2976055145263672,47654
370.6000717875012,0.2889533042907715,47538
367.0142853498742,0.2988619804382324,47512
367.15642097360507,0.2947876453399658,47192
368.49956672411275,0.3099792003631592,47270
366.88434303496325,0.314347505569458,47373
368.6711395993667,0.28980350494384766,46994
368.0853531617398,0.28887939453125,47264
372.80108191427746,0.28346705436706543,46983
360.0731598529197,0.28508472442626953,47174
371.97265478953165,0.3043982982635498,47329
358.1147904132627,0.2910342216491699,46804
372.39906166072444,0.2913644313812256,47530
368.872149726143,0.29575228691101074,47297
369.6589462905463,0.28730177879333496,46286
372.4579361637699,0.28832221031188965,47634
373.22748878547065,0.2863895893096924,47557
377.67113959936665,0.28902769088745117,47370
377.09754647055956,0.28780627250671387,47491
375.42849891224733,0.2902514934539795,47560
373.2863632885165,0.2884070873260498,47413
375.39906166072456,0.28336548805236816,46946
377.3990616607246,0.2960398197174072,47299
375.8010819142775,0.2888157367706299,47672
377.7005768508892,0.2908930778503418,47671
375.2985565973364,0.29335880279541016,47495
375.23968209429063,0.2835874557495117,46685
